Topology,Precision,Input Size,1st latency (ms),2nd latency (ms),2nd token per sec,,,
tiny-llama-1.1b-chat,INT4-MIXED,32,14.4,6.6,151.5151515,,,
tiny-llama-1.1b-chat,INT4-MIXED,1024,40,6.8,147.0588235,,,
tiny-llama-1.1b-chat,INT4-MIXED,32,14.9,6.9,144.9275362,,,
tiny-llama-1.1b-chat,INT4-MIXED,1024,54.7,7.2,138.8888889,,,
minicpm-1b-sft,INT4-MIXED,31,34.7,10.1,99.00990099,,,
minicpm-1b-sft,INT4-MIXED,31,37,10.2,98.03921569,,,
minicpm-1b-sft,INT4-MIXED,31,34.9,10.2,98.03921569,,,
minicpm-1b-sft,INT4-MIXED,1014,75.1,10.7,93.45794393,,,
minicpm-1b-sft,INT4-MIXED,1014,64.4,10.7,93.45794393,,,
minicpm-1b-sft,INT4-MIXED,1014,66.6,10.8,92.59259259,,,
tiny-llama-1.1b-chat,INT8-CW,32,16.3,10.8,92.59259259,,,
tiny-llama-1.1b-chat,INT8-CW,1024,47.3,11.1,90.09009009,,,
gemma-2b-it,INT4-MIXED,32,19.2,15.3,65.35947712,,,
gemma-2b-it,INT4-MIXED,1024,91.3,15.6,64.1025641,,,
minicpm-1b-sft,INT8-CW,31,43.6,15.7,63.69426752,,,
gemma-2b-it,INT4-MIXED,32,21,15.8,63.29113924,,,
gemma-2b-it,INT4-MIXED,1024,106.7,16.1,62.11180124,,,
minicpm-1b-sft,INT8-CW,1014,72.2,16.5,60.60606061,,,
gemma-2-2b,INT4-MIXED,33,26.9,17.2,58.13953488,,,
gemma-2-2b,INT4-MIXED,1025,108.4,17.4,57.47126437,,,
gemma-2-2b,INT4-MIXED,33,29.2,17.5,57.14285714,,,
gemma-2-2b,INT4-MIXED,1025,130.1,17.9,55.86592179,,,
tiny-llama-1.1b-chat,FP16,32,21.5,19.7,50.76142132,,,
tiny-llama-1.1b-chat,FP16,1024,62.1,20,50,,,
gemma-2b-it,INT8-CW,32,28.1,24.9,40.16064257,,,
gemma-2b-it,INT8-CW,1024,111.5,25.3,39.5256917,,,
gemma-2-2b,INT8-CW,33,32.5,26.2,38.16793893,,,
gemma-2-2b,INT8-CW,1025,125.3,26.9,37.17472119,,,
minicpm-1b-sft,FP16,31,35.4,27.9,35.84229391,,,
minicpm-1b-sft,FP16,1014,87.8,28.9,34.60207612,,,
codellama-7b,INT4-MIXED,32,38.2,32.5,30.76923077,,,
codellama-7b,INT4-MIXED,32,42.1,34,29.41176471,,,
codellama-7b,INT4-MIXED,1024,228.2,34.3,29.15451895,,,
neural-chat-7b-v3-3,INT4-MIXED,32,41,34.6,28.9017341,,,
zephyr-7b-beta,INT4-MIXED,32,41.1,34.6,28.9017341,,,
zephyr-7b-beta,INT4-MIXED,1024,239.6,35.8,27.93296089,,,
codellama-7b,INT4-MIXED,1024,280.7,35.9,27.8551532,,,
neural-chat-7b-v3-3,INT4-MIXED,1024,239.3,35.9,27.8551532,,,
neural-chat-7b-v3-3,INT4-MIXED,32,45.2,36.2,27.62430939,,,
qwen-7b-chat,INT4-MIXED,32,43.1,37.1,26.9541779,,,
neural-chat-7b-v3-3,INT4-MIXED,1024,299.9,37.5,26.66666667,,,
qwen-7b-chat,INT4-MIXED,32,45.4,38.2,26.17801047,,,
bloomz-7b1,INT4-MIXED,32,45.6,38.6,25.90673575,,,
qwen-7b-chat,INT4-MIXED,1024,244.6,38.9,25.70694087,,,
bloomz-7b1,INT4-MIXED,32,49.2,40,25,,,
qwen-7b-chat,INT4-MIXED,1024,256.7,40,25,,,
bloomz-7b1,INT4-MIXED,1024,325.8,40.4,24.75247525,,,
bloomz-7b1,INT4-MIXED,1024,386.1,41.7,23.98081535,,,
zephyr-7b-beta,INT4-MIXED,32,50.7,41.8,23.92344498,,,
zephyr-7b-beta,INT4-MIXED,1024,258,43,23.25581395,,,
baichuan2-7b-chat,INT4-MIXED,32,51.5,43.1,23.20185615,,,
baichuan2-7b-chat,INT4-MIXED,1024,317.4,45,22.22222222,,,
gemma-2b-it,FP16,32,49.4,46.5,21.50537634,,,
gemma-2b-it,FP16,1024,166.1,46.7,21.41327623,,,
qwen-7b-chat,INT4-MIXED,32,56.4,49.1,20.36659878,,,
gemma-2-2b,FP16,33,53.1,50.2,19.92031873,,,
qwen-7b-chat,INT4-MIXED,1024,266.3,51,19.60784314,,,
gemma-2-2b,FP16,1025,162,51.1,19.56947162,,,
dolly-v2-12b,INT4-MIXED,32,73,59.3,16.86340641,,,
lcm-sdxl,INT8-CW,1024,62,61.4,16.28664495,,,
codellama-7b,INT8-CW,32,67.4,61.5,16.2601626,,,
lcm-sdxl,INT8-CW,32,62,61.5,16.2601626,,,
dolly-v2-12b,INT4-MIXED,1024,656.3,61.9,16.15508885,,,
codellama-7b,INT8-CW,1024,267.4,64.3,15.55209953,,,
lcm-sdxl,INT8-HYBRID,32,65.7,64.9,15.40832049,,,
baichuan2-7b-chat,INT8-CW,32,71.6,65,15.38461538,,,
lcm-sdxl,INT8-HYBRID,1024,65.9,65.1,15.3609831,,,
neural-chat-7b-v3-3,INT8-CW,32,71.8,65.5,15.26717557,,,
zephyr-7b-beta,INT8-CW,32,72,65.5,15.26717557,,,
qwen-7b-chat,INT8-CW,32,72,66,15.15151515,,,
neural-chat-7b-v3-3,INT8-CW,1024,284.9,66.8,14.97005988,,,
zephyr-7b-beta,INT8-CW,1024,283.7,66.8,14.97005988,,,
lcm-sdxl,INT8-CW,32,67.9,67.5,14.81481481,,,
baichuan2-7b-chat,INT8-CW,1024,305.4,67.7,14.77104874,,,
lcm-sdxl,INT8-CW,1024,67.8,67.7,14.77104874,,,
bloomz-7b1,INT8-CW,32,73.4,68.2,14.6627566,,,
qwen-7b-chat,INT8-CW,1024,286.9,68.8,14.53488372,,,
bloomz-7b1,INT8-CW,1024,389.2,70.9,14.10437236,,,
starcoder,INT4-MIXED,32,89.2,76.2,13.12335958,,,
starcoder,INT4-MIXED,1024,701.8,78.5,12.7388535,,,
lcm-sdxl,FP16,32,87.6,88,11.36363636,,,
lcm-sdxl,FP16,1024,87.5,92.1,10.8577633,,,
,,,,,,,,
,,,,,,,,
,,,,,,,,
,,,,,,,,
,,,,,,,,
,,,,,,,,
,,,,,,,,
,,,,,,,,
,,,,,,,,
,,,,,,,,
,,,,,,,,
,,,,,,,,
,,,,,,,,
,,,,,,,,
,,,,,,,,
,,,,,,,,
,,,,,,,,
,,,,,,,,
,,,,,,,,
,,,,,,,,
,,,,,,,,
,,,,,,,,
,,,,,,,,
,,,,,,,,
,,,,,,,,
,,,,,,,,
,,,,,,,,
,,,,,,,,
,,,,,,,,
,,,,,,,,
,,,,,,,,
,,,,,,,,
,,,,,,,,
,,,,,,,,
,,,,,,,,
,,,,,,,,
,,,,,,,,
,,,,,,,,
,,,,,,,,
,,,,,,,,
,,,,,,,,
,,,,,,,,
,,,,,,,,
,,,,,,,,
,,,,,,,,
,,,,,,,,
,,,,,,,,
,,,,,,,,
,,,,,,,,
,,,,,,,,
,,,,,,,,
,,,,,,,,
,,,,,,,,
,,,,,,,,
,,,,,,,,
,,,,,,,,
,,,,,,,,
,,,,,,,,
,,,,,,,,
,,,,,,,,
,,,,,,,,
,,,,,,,,
,,,,,,,,
,,,,,,,,
,,,,,,,,
,,,,,,,,
,,,,,,,,
,,,,,,,,
,,,,,,,,
,,,,,,,,
,,,,,,,,
,,,,,,,,
,,,,,,,,
,,,,,,,,
,,,,,,,,
,,,,,,,,
,,,,,,,,
,,,,,,,,
,,,,,,,,
,,,,,,,,
,,,,,,,,
,,,,,,,,
,,,,,,,,
,,,,,,,,
,,,,,,,,
,,,,,,,,
,,,,,,,,
,,,,,,,,
,,,,,,,,
,,,,,,,,
,,,,,,,,
,,,,,,,,
,,,,,,,,
,,,,,,,,
,,,,,,,,
,,,,,,,,
,,,,,,,,
,,,,,,,,
,,,,,,,,
,,,,,,,,
,,,,,,,,
,,,,,,,,
,,,,,,,,
,,,,,,,,
,,,,,,,,
,,,,,,,,
,,,,,,,,
,,,,,,,,
,,,,,,,,
,,,,,,,,
,,,,,,,,
,,,,,,,,
,,,,,,,,
,,,,,,,,
,,,,,,,,
,,,,,,,,
,,,,,,,,
,,,,,,,,
,,,,,,,,
,,,,,,,,
,,,,,,,,
,,,,,,,,
,,,,,,,,
,,,,,,,,
,,,,,,,,
,,,,,,,,
,,,,,,,,
,,,,,,,,
,,,,,,,,
,,,,,,,,
,,,,,,,,
,,,,,,,,
,,,,,,,,
,,,,,,,,
,,,,,,,,
,,,,,,,,
,,,,,,,,
,,,,,,,,
,,,,,,,,
,,,,,,,,
,,,,,,,,
,,,,,,,,
,,,,,,,,
,,,,,,,,
,,,,,,,,
,,,,,,,,
,,,,,,,,
,,,,,,,,
,,,,,,,,
,,,,,,,,
,,,,,,,,
,,,,,,,,
,,,,,,,,
,,,,,,,,
,,,,,,,,
,,,,,,,,
,,,,,,,,
,,,,,,,,
,,,,,,,,
,,,,,,,,
,,,,,,,,
,,,,,,,,
,,,,,,,,
,,,,,,,,
,,,,,,,,
,,,,,,,,
,,,,,,,,
,,,,,,,,
,,,,,,,,
,,,,,,,,
,,,,,,,,
,,,,,,,,
,,,,,,,,
,,,,,,,,
,,,,,,,,
,,,,,,,,
,,,,,,,,
,,,,,,,,
,,,,,,,,
,,,,,,,,
,,,,,,,,
,,,,,,,,
,,,,,,,,
,,,,,,,,
,,,,,,,,
,,,,,,,,
,,,,,,,,
,,,,,,,,
,,,,,,,,
,,,,,,,,
,,,,,,,,
,,,,,,,,
,,,,,,,,
,,,,,,,,
,,,,,,,,
,,,,,,,,
,,,,,,,,
,,,,,,,,
,,,,,,,,
,,,,,,,,
,,,,,,,,
,,,,,,,,
,,,,,,,,
,,,,,,,,
,,,,,,,,
,,,,,,,,
,,,,,,,,
,,,,,,,,
,,,,,,,,
,,,,,,,,
,,,,,,,,
,,,,,,,,
,,,,,,,,
,,,,,,,,
,,,,,,,,
,,,,,,,,
,,,,,,,,
,,,,,,,,
,,,,,,,,
,,,,,,,,
,,,,,,,,
,,,,,,,,
,,,,,,,,
,,,,,,,,
,,,,,,,,
,,,,,,,,
,,,,,,,,
,,,,,,,,
,,,,,,,,
,,,,,,,,
,,,,,,,,
,,,,,,,,
,,,,,,,,
,,,,,,,,
,,,,,,,,
,,,,,,,,
,,,,,,,,
,,,,,,,,
,,,,,,,,
,,,,,,,,
,,,,,,,,
,,,,,,,,
,,,,,,,,
,,,,,,,,
,,,,,,,,
,,,,,,,,
,,,,,,,,
,,,,,,,,
,,,,,,,,
,,,,,,,,
,,,,,,,,
,,,,,,,,
,,,,,,,,
,,,,,,,,
,,,,,,,,
,,,,,,,,
,,,,,,,,
,,,,,,,,
,,,,,,,,
,,,,,,,,
,,,,,,,,
,,,,,,,,
,,,,,,,,
,,,,,,,,
,,,,,,,,
,,,,,,,,
,,,,,,,,
,,,,,,,,
,,,,,,,,
,,,,,,,,
,,,,,,,,
,,,,,,,,
,,,,,,,,
,,,,,,,,
,,,,,,,,
,,,,,,,,
,,,,,,,,
,,,,,,,,
,,,,,,,,
,,,,,,,,
,,,,,,,,
,,,,,,,,
,,,,,,,,
,,,,,,,,
,,,,,,,,
,,,,,,,,
,,,,,,,,
,,,,,,,,
,,,,,,,,
,,,,,,,,
,,,,,,,,
,,,,,,,,
,,,,,,,,
,,,,,,,,
,,,,,,,,
,,,,,,,,
,,,,,,,,
,,,,,,,,
,,,,,,,,
,,,,,,,,
,,,,,,,,
,,,,,,,,
,,,,,,,,
,,,,,,,,
,,,,,,,,
,,,,,,,,
,,,,,,,,
,,,,,,,,
,,,,,,,,
,,,,,,,,
,,,,,,,,
,,,,,,,,
,,,,,,,,
,,,,,,,,
,,,,,,,,
,,,,,,,,
,,,,,,,,
,,,,,,,,
,,,,,,,,
,,,,,,,,
,,,,,,,,
,,,,,,,,
,,,,,,,,
,,,,,,,,
,,,,,,,,
,,,,,,,,
,,,,,,,,
,,,,,,,,
,,,,,,,,
,,,,,,,,
,,,,,,,,
,,,,,,,,
,,,,,,,,
,,,,,,,,
,,,,,,,,
,,,,,,,,
,,,,,,,,
,,,,,,,,
,,,,,,,,
,,,,,,,,
,,,,,,,,
,,,,,,,,
,,,,,,,,
,,,,,,,,
,,,,,,,,
,,,,,,,,
,,,,,,,,
,,,,,,,,
,,,,,,,,
,,,,,,,,
,,,,,,,,
,,,,,,,,
,,,,,,,,
,,,,,,,,
,,,,,,,,
,,,,,,,,
,,,,,,,,
,,,,,,,,
,,,,,,,,
,,,,,,,,
,,,,,,,,
,,,,,,,,
,,,,,,,,
,,,,,,,,
,,,,,,,,
,,,,,,,,
,,,,,,,,
,,,,,,,,
,,,,,,,,
,,,,,,,,
,,,,,,,,
,,,,,,,,
,,,,,,,,
,,,,,,,,
,,,,,,,,
,,,,,,,,
,,,,,,,,
,,,,,,,,
,,,,,,,,
,,,,,,,,
,,,,,,,,
,,,,,,,,
,,,,,,,,
,,,,,,,,
,,,,,,,,
,,,,,,,,
,,,,,,,,
,,,,,,,,
,,,,,,,,
,,,,,,,,
,,,,,,,,
,,,,,,,,
,,,,,,,,
,,,,,,,,
,,,,,,,,
,,,,,,,,
,,,,,,,,
,,,,,,,,
,,,,,,,,
,,,,,,,,
,,,,,,,,
,,,,,,,,
,,,,,,,,
,,,,,,,,
,,,,,,,,
,,,,,,,,
,,,,,,,,
,,,,,,,,
,,,,,,,,
,,,,,,,,
,,,,,,,,
,,,,,,,,
,,,,,,,,
,,,,,,,,
,,,,,,,,
,,,,,,,,
,,,,,,,,
,,,,,,,,
,,,,,,,,
,,,,,,,,
,,,,,,,,
,,,,,,,,
,,,,,,,,
,,,,,,,,
,,,,,,,,
,,,,,,,,
,,,,,,,,
,,,,,,,,
,,,,,,,,
,,,,,,,,
,,,,,,,,
,,,,,,,,
,,,,,,,,
,,,,,,,,
,,,,,,,,
,,,,,,,,
,,,,,,,,
,,,,,,,,
,,,,,,,,
,,,,,,,,
,,,,,,,,
,,,,,,,,
,,,,,,,,
,,,,,,,,
,,,,,,,,
,,,,,,,,
,,,,,,,,
,,,,,,,,
,,,,,,,,
,,,,,,,,
,,,,,,,,
,,,,,,,,
,,,,,,,,
,,,,,,,,
,,,,,,,,
,,,,,,,,
,,,,,,,,
,,,,,,,,
,,,,,,,,
,,,,,,,,
,,,,,,,,
,,,,,,,,
,,,,,,,,
,,,,,,,,
,,,,,,,,
,,,,,,,,
,,,,,,,,
,,,,,,,,
,,,,,,,,
,,,,,,,,
,,,,,,,,
,,,,,,,,
,,,,,,,,
,,,,,,,,
,,,,,,,,
,,,,,,,,
,,,,,,,,
,,,,,,,,
,,,,,,,,
,,,,,,,,
,,,,,,,,
,,,,,,,,
,,,,,,,,
,,,,,,,,
,,,,,,,,
,,,,,,,,
,,,,,,,,
,,,,,,,,
,,,,,,,,
,,,,,,,,
,,,,,,,,
,,,,,,,,
,,,,,,,,
,,,,,,,,
,,,,,,,,
,,,,,,,,
,,,,,,,,
,,,,,,,,
,,,,,,,,
,,,,,,,,
,,,,,,,,
,,,,,,,,
,,,,,,,,
,,,,,,,,
,,,,,,,,
,,,,,,,,
,,,,,,,,
,,,,,,,,
,,,,,,,,
,,,,,,,,
,,,,,,,,
,,,,,,,,
,,,,,,,,
,,,,,,,,
,,,,,,,,
,,,,,,,,
,,,,,,,,
,,,,,,,,
,,,,,,,,
,,,,,,,,
,,,,,,,,
,,,,,,,,
,,,,,,,,
,,,,,,,,
,,,,,,,,
,,,,,,,,
,,,,,,,,
,,,,,,,,
,,,,,,,,
,,,,,,,,
,,,,,,,,
,,,,,,,,
,,,,,,,,
,,,,,,,,
,,,,,,,,
,,,,,,,,
,,,,,,,,
,,,,,,,,
,,,,,,,,
,,,,,,,,
,,,,,,,,
,,,,,,,,
,,,,,,,,
,,,,,,,,
,,,,,,,,
,,,,,,,,
,,,,,,,,
,,,,,,,,
,,,,,,,,
,,,,,,,,
,,,,,,,,
,,,,,,,,
,,,,,,,,
,,,,,,,,
,,,,,,,,
,,,,,,,,
,,,,,,,,
,,,,,,,,
,,,,,,,,
,,,,,,,,
,,,,,,,,
,,,,,,,,
,,,,,,,,
,,,,,,,,
,,,,,,,,
,,,,,,,,
,,,,,,,,
,,,,,,,,
,,,,,,,,
,,,,,,,,
,,,,,,,,
,,,,,,,,
,,,,,,,,
,,,,,,,,
,,,,,,,,
,,,,,,,,
,,,,,,,,
,,,,,,,,
,,,,,,,,
,,,,,,,,
,,,,,,,,
,,,,,,,,
,,,,,,,,
,,,,,,,,
,,,,,,,,
,,,,,,,,
,,,,,,,,
,,,,,,,,
,,,,,,,,
,,,,,,,,
,,,,,,,,
,,,,,,,,
,,,,,,,,
,,,,,,,,
,,,,,,,,
,,,,,,,,
,,,,,,,,
,,,,,,,,
,,,,,,,,
,,,,,,,,
,,,,,,,,
,,,,,,,,
,,,,,,,,
,,,,,,,,
,,,,,,,,
,,,,,,,,
,,,,,,,,
,,,,,,,,
,,,,,,,,
,,,,,,,,
,,,,,,,,
,,,,,,,,
,,,,,,,,
,,,,,,,,
,,,,,,,,
,,,,,,,,
,,,,,,,,
,,,,,,,,
,,,,,,,,
,,,,,,,,
,,,,,,,,
,,,,,,,,
,,,,,,,,
,,,,,,,,
,,,,,,,,
,,,,,,,,
,,,,,,,,
,,,,,,,,
,,,,,,,,
,,,,,,,,
,,,,,,,,
,,,,,,,,
,,,,,,,,
,,,,,,,,
,,,,,,,,
,,,,,,,,
,,,,,,,,
,,,,,,,,
,,,,,,,,
,,,,,,,,
,,,,,,,,
,,,,,,,,
,,,,,,,,
,,,,,,,,
,,,,,,,,
,,,,,,,,
,,,,,,,,
,,,,,,,,
,,,,,,,,
,,,,,,,,
,,,,,,,,
,,,,,,,,
,,,,,,,,
,,,,,,,,
,,,,,,,,
,,,,,,,,
,,,,,,,,
,,,,,,,,
,,,,,,,,
,,,,,,,,
,,,,,,,,
,,,,,,,,
,,,,,,,,
,,,,,,,,
,,,,,,,,
,,,,,,,,
,,,,,,,,
,,,,,,,,
,,,,,,,,
,,,,,,,,
,,,,,,,,
,,,,,,,,
,,,,,,,,
,,,,,,,,
,,,,,,,,
,,,,,,,,
,,,,,,,,
,,,,,,,,
,,,,,,,,
,,,,,,,,
,,,,,,,,
,,,,,,,,
,,,,,,,,
,,,,,,,,
,,,,,,,,
,,,,,,,,
,,,,,,,,
,,,,,,,,
,,,,,,,,
,,,,,,,,
,,,,,,,,
,,,,,,,,
,,,,,,,,
,,,,,,,,
,,,,,,,,
,,,,,,,,
,,,,,,,,
,,,,,,,,
,,,,,,,,
,,,,,,,,
,,,,,,,,
,,,,,,,,
,,,,,,,,
,,,,,,,,
,,,,,,,,
,,,,,,,,
,,,,,,,,
,,,,,,,,
,,,,,,,,
,,,,,,,,
,,,,,,,,
,,,,,,,,
,,,,,,,,
,,,,,,,,
,,,,,,,,
,,,,,,,,
,,,,,,,,
,,,,,,,,
,,,,,,,,
,,,,,,,,
,,,,,,,,
,,,,,,,,
,,,,,,,,
,,,,,,,,
,,,,,,,,
,,,,,,,,
,,,,,,,,
,,,,,,,,
,,,,,,,,
,,,,,,,,
,,,,,,,,
,,,,,,,,
,,,,,,,,
,,,,,,,,
,,,,,,,,
,,,,,,,,
,,,,,,,,
,,,,,,,,
,,,,,,,,
